Title,Director,Popularity
STRING,CAT,INT
Tie Me Up! Tie Me Down!,"Almodóvar, Pedro",68
High Heels,"Almodóvar, Pedro",68
"Dead Zone, The","Cronenberg, David",79
Cuba,"Lester, Richard",6
Days of Heaven,"Malick, Terrence",14
Octopussy,"Glen, John",68
Target Eagle,"Loma, José Antonio de la",14
"American Angels: Baptism of Blood, The","Sebastian, Beverly",28
Subway,"Besson, Luc",6
Camille Claudel,"Nuytten, Bruno",32
Fanny and Alexander,"Bergman, Ingmar",81
Tragedy of a Ridiculous Man,"Bertolucci, Bernardo",17
A Man & a Woman,"Lelouch, Claude",46
A Man & a Woman: Twenty Years Later,"Lelouch, Claude",49
Un Hombre y una Mujer,"Lelouch, Claude",6
"Official Story, The","Puenzo, Luiz",39
"Lindbergh Kidnapping Case, The","Kulik, Buzz",51
Blackmail,"Hitchcock, Alfred",2
Donovan's Reef,"Ford, John",62
Tucker: The Man & His Dream,"Coppola, Francis Ford",68
Scrooged,"Donner, Richard",15
Raiders of the Lost Ark,"Spielberg, Steven",8
"Running Man, The","Glaser, Paul Michael",31
Predator 2,"Hopkins, Stephen",79
Colors,"Hopper, Dennis",23
Zandalee,"Pillsbury, Sam",80
Miles from Home,"Sinise, Gary",53
Happy Birthday to Me,"Thompson, J. Lee",88
Final Notice,"Stern, Steven Hilliard",88
Quintet,"Altman, Robert",19
"Devil's Eye, The","Bergman, Ingmar",20
Wild Strawberries,"Bergman, Ingmar",42
"Seventh Seal, The","Bergman, Ingmar",62
Germicide,,36
Dreams,"Bergman, Ingmar",14
"Naked Night, The","Bergman, Ingmar",38
Through a Glass Darkly,"Bergman, Ingmar",64
Cries & Whispers,"Bergman, Ingmar",18
"Barbarian & the Geisha, The","Huston, John",52
Casino Royale,"Hughes, Ken",11
Dr. No,"Young, Terence",7
Elephant Walk,,11
Ten,"Edwards, Blake",60
"Man Who Loved Women, The","Edwards, Blake",67
Hawaii,"Hill, George Roy",8
Torn Curtain,"Hitchcock, Alfred",35
Duet for One,"Konchalovsky, Andrei",82
"Sound of Music, The","Wise, Robert",59
Gonzo Presents Muppet Weird Stuff,,88
Tartuffe,"Depardieu, Gérard",67
A New Life,"Alda, Alan",53
Magic,"Attenborough, Richard",85
Tommy,"Russell, Ken",5
"Big Fix, The","Kagan, Jeremy Paul",19
Alan & Naomi,"Vanwagenen, Sterling",3
Fatal Attraction,"Lyne, Adrian",61
Patriot Games,"Noyce, Phillip",28
"Woman Next Door, The","Truffaut, François",82
Hunting,"Howson, Frank",68
Bataan,,68
"Siegfried, The Nibelungenlied","Lang, Fritz",79
"Henry, Portrait of a Serial Killer",,69
"Big Blue, The","Besson, Luc",7
Flight of the Intruder,"Milius, John",51
Nobody's Fool,"Purcell, Evelyn",52
After Hours,"Scorsese, Martin",81
Desperately Seeking Susan,"Seidelman, Susan",41
A New Leaf,"May, Elaine",83
Killers of Kilimanjaro,"Thorpe, Richard",11
Don Juan,"Crosland, Alan",55
Babette's Feast,"Axel, Gabriel",79
"Vincent, Francois, Paul & the Others",,20
Thunderball,"Young, Terrence",8
Lodger (Story of the London Fog),"Hitchcock, Alfred",76
Appointment with Death,"Donaggio, Michael Winner",75
Murder on the Orient Express,"Lumet, Sidney",8
Blood Alley,"Wellman, William",15
"Spy Who Loved Me, The","Gilbert, Lewis",27
Storm,"Winning, David",61
Bloodbath,,37
Miami Cops,"Bradley, Al",40
"Island of Dr. Moreau, The","Frankenheimer, John",39
Eighty-Four Charing Cross Road,"Jones, David",9
"Elephant Man, The","Lynch, David",3
Dr Alien,"DeCoteau, David",70
Creepshow,"Romero, George A.",70
Sammy & Rosie Get Laid,"Frears, Stephen",6
"Goalie's Anxiety at the Penalty Kick, The","Wenders, Wim",62
Mademoiselle Striptease,"Allegret, Marc",25
"Women, The","Aurel, Jean",66
That Naughty Girl,"Boisrond, Michel",37
Voulez-Vous Danser Avec Moi?,"Boisrond, Michel",16
"A Coeur Joie, (Head Over Heels)","Bourguignon, Serge",54
Shalako,"Dmytryk, Edward",0
Contempt,"Godard, Jean-Luc",81
Dear Brigitte,"Koster, Henry",71
A Very Private Affair,"Malle, Louis",30
"Ravishing Idiot, The","Molinaro, Edouard",34
"Bride Is Much Too Beautiful, The","Surin, Fred",70
Doctor at Sea,"Thomas, Ralph",83
"Le Repos Du Guerrier, (Warrior's Rest)","Vadim, Roger",8
And God Created Woman,"Vadim, Roger",29
Ms. Don Juan,"Vadim, Roger",39
Siesta,"Lambert, Mary",48
Rich & Strange,"Hitchcock, Alfred",57
Lionheart,"Schaffner, Franklin J.",9
E. T. The Extra-Terrestrial,"Spielberg, Steven",8
Cool World,"Bakshi, Ralph",44
Nadine,"Benton, Robert",47
Batman,"Burton, Tim",14
Blind Date,"Edwards, Blake",7
Mother Lode,"Heston, Charlton",40
Final Analysis,"Joanou, Phil",50
Never Say Never Again,"Kershner, Irvin",8
Nine & a Half Weeks,"Lyne, Adrian",7
Killjoy,"Moxey, John Llewellyn",71
No Mercy,"Pearce, Richard",11
"Marrying Man, The","Rees, Jerry",84
Misery,"Reiner, Rob",48
Crisis,"Bergman, Ingmar",66
Samson & Delilah,"Philips, Lee",36
Act of Piracy,,74
Split Decisions,"Drury, David",52
Vampire's Kiss,,49
Nightmare at Noon,"Mastorakis, Nico",0
Presumed Innocent,"Pakula, Alan J.",69
Reap the Wild Wind,"DeMille, Cecil B.",59
Pocket Money,"Rosenberg, Stuart",55
Mary White,"Taylor, Jud",2
"Catch a Rising Star, Tenth Anniversary",,18
Guilty by Suspicion,"Winkler, Irwin",88
Secret Beyond the Door,"Lang, Fritz",31
Scarlet Street,"Lang, Fritz",80
Daffy Duck's Quackbusters,"Ford, Greg",68
Rowlf's Rhapsodies with the Muppets,,79
Gandhi,"Attenborough, Richard",7
"Wind & the Lion, The","Milius, John",2
Carnal Knowledge,"Nichols, Mike",10
Getting Straight,"Rush, Richard",83
"Scarlet Letter, The","Wenders, Wim",55
"Count of Old Town, The","Adolphson, Edvin",72
Autumn Sonata,"Bergman, Ingmar",49
Gaslight,"Cukor, George",25
Indiscreet,"Donen, Stanley",1
Walpurgis Night,"Edgren, Gustaf",32
Joan of Arc,"Fleming, Victor",7
A Woman Called Golda,"Gibson, Alan",15
A Walk in the Spring Rain,"Green, Guy",2
Under Capricorn,"Hitchcock, Alfred",74
Notorious,"Hitchcock, Alfred",42
June Night,"Lindberg, Per",14
Goodbye Again,"Litvak, Anatole",6
Anastasia,"Litvak, Anatole",24
"Bells of St. Mary's, The","McCarey, Leo",31
Intermezzo,"Molander, Gustaf",32
A Woman's Face,"Molander, Gustaf",49
Swedenhielms,"Molander, Gustaf",88
Only One Night,"Molander, Gustav",26
Dollar,"Molander, Gustav",19
Elena & Her Men,"Renoir, Jean",33
Europa Fifty-One,"Rossellini, Roberto",34
Voyage in Italy,"Rossellini, Roberto",57
Fear,"Rossellini, Roberto",69
Stromboli,"Rossellini, Roberto",69
Cactus Flower,"Saks, Gene",67
Hideaways,,16
Twenty Four Hours in a Woman's Life,,16
Programmed to Kill,"Holzman, Allan",71
Conan the Barbarian,"Milius, John",45
Raw Nerve,"Prior, David A.",88
Think Dirty,"Clark, Jim",31
King of Comedy,"Scorsese, Martin",84
"Best of the Big Laff Off, The",,20
Amadeus,"Forman, Milos",6
White Lightning,"Sargent, Joseph",54
"Unbearable Lightness of Being, The","Kaufman, Philip",5
"Life & Times of Judge Roy Bean, The","Huston, John",65
Airport,"Seaton, George",0
Day for Night,"Truffaut, François",10
Secrets of Women,"Bergman, Ingmar",66
Burnt Offerings,"Curtis, Dan",35
Easy Rider,"Hopper, Dennis",36
Five Easy Pieces,"Rafelson, Bob",2
"Day of the Locust, The","Schlesinger, John",81
Goldfinger,"Hamilton, Guy",77
"Exorcist II, The Heretic","Boorman, John",29
White Lightning,"Bernds, Edward",
Lady for a Night,"Leigh, Jason",12
Charly,"Nelson, Ralph",38
High Plains Drifter,"Eastwood, Clint",57
Honkytonk Man,"Eastwood, Clint",69
Nightbreed,"Barker, Clive",72
Under the Sun of Satan,"Pialat, Maurice",45
Vagabond,"Varda, Agnes",49
"Bill Cosby, Live at Harrah's",,13
Monty Python & the Holy Grail,"Gilliam, Terry",83
John Cleese on How to Irritate People,,62
"Matchmaker, The","Anthony, Joseph",67
For Your Eyes Only,"Glen, John",86
Wings,"Wellman, William",44
Medicine Man,"McTiernan, John",6
Good Fellas,"Scorsese, Martin",15
Kiss of the Spider Woman,"Babenco, Hector",10
"Rookie, THe","Eastwood, Clint",48
"Sting, The","Hill, George Roy",83
Torpedo Run,"Pevney, Joseph",50
Instant Justice,"Rumar, Craig",45
Cyrano de Bergerac,"Rappeneau, Jean-Paul",76
Border Street,"Ford, Aleksander",73
Firehouse,"Ingvordsen, J. Christian",66
Morituri,"Wicki, Bernhard",9
From the Life of the Marionettes,"Bergman, Ingmar",58
Frantic,"Polanski, Roman",17
Coma,"Crichton, Michael",64
Dead Ringers,"Cronenberg, David",29
Golden Ninja Invasion,"Lambert, Bruce",13
"Exorcist, The","Friedkin, William",28
Alice Doesn't Live Here Anymore,,82
"Eyes of the Amaryllis, The","King Keller, Frederick",70
What Price Glory?,"Ford, John",4
Inauguration of the Pleasure Dome,"Anger, Kenneth",62
School Daze,"Lee, Spike",18
"End of Innocence, The","Cannon, Dyan",6
"Anderson Tapes, The","Lumet, Sidney",1
"Father Murphy, A Horse from Heaven","Claxton, William F.",28
Skull,"Bergman, Robert",19
"Quick & The Dead, The","Day, Robert",40
Best Defense,"Huyck, Willard",75
Dreamscape,"Ruben, Joseph",63
Black Rain,"Scott, Ridley",73
8 1/2,"Fellini, Federico",80
One Frightened Night,"Cabanne, Christy",33
"Year My Voice Broke, The","Duigan, John",71
Is Paris Burning?,"Clément, René",63
QB VII,"Gries, Tom",28
"Island of Dr. Moreau, The","Taylor, Don",54
Beyond the Limit,"Mackenzie, John",51
Secret Agent,"Hitchcock, Alfred",50
Paramount Comedy Theater: Well-Developed,,40
"Big Bust Out, The","Theumer, Ernst R. von",50
"Fourth Protocol, The","Mackenzie, John",14
Gremlins 2: The New Batch,"Dante, Joe",61
Fast Times at Ridgemont High,"Heckerling, Amy",65
Mannequin,"Gottlieb, Michael",23
Rabid,"Cronenberg, David",34
"Party, The","Edwards, Blake",32
"Vampire Raiders, Ninja Queen","Lambert, Bruce",15
Bloopers from Star Trek,,22
Destroyer,"Seiter, William A.",87
Party Girl,"Ray, Nicholas",85
Twin Peaks,"Lynch, David",86
Moonstruck,"Jewison, Norman",6
"Witches of Eastwick, The","Miller, George",8
Moonraker,"Gilbert, Lewis",32
Beat Street,"Lathan, Stan",72
Running Out of Luck,,16
Never on Tuesday,"Rifkin, Adam",77
Shampoo,"Ashby, Hal",69
Power,"Lumet, Sidney",43
Darling,"Schlesinger, John",44
"Ugly American, The","Englund, George",63
Ambassador Bill,"Taylor, Sam",66
"Big Trail, The","Walsh, Raoul",22
Hombre,"Ritt, Martin",50
Coogan's Bluff,"Siegel, Don",57
Penn & Teller Get Killed,"Penn, Arthur",12
Shy People,"Konchalovsky, Andrei",7
It's My Turn,"Weill, Claudia",0
Dangerous Liaisons,"Frears, Stephen",77
Reversal of Fortune,"Schroeder, Barbet",73
Meeting Venus,"Szabó, István",74
Tomorrow Is Forever,,65
Like Father Like Son,"Daniel, Rod",20
Rope,"Hitchcock, Alfred",39
Road to Hong Kong,"Panama, Norman",37
Shirley Valentine,"Gilbert, Lewis",51
City of Joy,"Joffe, Roland",87
"Appaloosa, The","Furie, Sidney J.",15
Seven Minutes in Heaven,"Feferman, Linda",49
"Hearts of Darkness, A Filmmaker's Apocalypse","Bahr, Fax",72
Tonight for Sure,"Coppola, Francis Ford",4
"White Hunter, Black Heart","Eastwood, Clint",66
Sundays & Cybele,"Bourguignon, Serge",11
Puppet Master,"Schmoeller, David",20
Night Gallery,"Spielberg, Steven",31
Pet Sematary,"Lambert, Mary",27
"America's Music, Gospel","Walton, Kip",13
Slap Shot,"Hill, George Roy",82
O. C. & Stiggs,"Altman, Robert",3
A Fish Called Wanda,"Crichton, Charles",7
A Lesson in Love,"Bergman, Ingmar",48
Brink of Life,"Bergman, Ingmar",57
Betty Blue,"Beineix, Jean-Jacques",71
Hair,"Forman, Milos",67
National Lampoon's Christmas Vacation,"S, Jeremiah",81
"Dersu Uzala, (The Hunter)","Kurosawa, Akira",81
Alice,"Allen, Woody",22
"Fifth Floor, The","Avedis, Howard Hikmet",74
Snow Kill,"Wright, Thomas J.",35
"People, The","Coppola, Francis Ford",36
True Grit,"Hathaway, Henry",77
"Battle of Midway, The","Ford, John",75
Three Godfathers,"Ford, John",72
"Hush, Hush, Sweet Charlotte","Aldrich, Robert",68
A Stolen Life,"Bernhardt, Curtis",20
"Old Maid, The","Goulding, Edmund",18
All about Eve,"Mankiewicz, Joseph L.",23
"Fly, The","Cronenberg, David",33
Quick Change,"Franklin, Howard ",24
"Lair of the White Worm, The","Russell, Ken",16
"Rainbow, The","Russell, Ken",53
"Man Who Knew Too Much, The","Hitchcock, Alfred",15
Beauty & the Beast,"Cocteau, Jean",14
Foreign Correspondent,"Hitchcock, Alfred",61
"Heiress, The","Wyler, William",81
"Boy Who Could Fly, The","Castle, Nick",25
"Terrorists, The","Wrede, Caspar",4
Wheel of Fortune,"Auer, John H.",36
Do the Right Thing,"Lee, Spike",5
"Court-Martial of Jackie Robinson, The","Peerce, Larry",33
Elvira Madigan,"Widerberg, Bo",28
Hurricane Smith,"Budds, Colin",16
Fair Game,,24
"Rape of the Sabines, The",,83
Risky Business,"Brickman, Paul",28
I Love All of You (Je Vous Aime),"Berri, Claude",40
Love Songs,"Chouraqui, Elie",15
Le Choix des Armes,"Comeau, Alain",15
Choice of Arms,"Corneau, Alan",87
March or Die,"Richards, Dick",59
"Last Metro, The","Truffaut, François",66
Jean de Florette,"Berri, Claude",87
Fat Man & Little Boy,"Joffe, Roland",86
Wild at Heart,"Lynch, David",6
Family Business,"Lumet, Sidney",5
Stand & Deliver,"Menendez, Ramon",19
Looker,"Crichton, Michael",62
Fire & Rain,"Jameson, Jerry",10
"Best of Candid Camera, The",,12
Seven Sinners,"Garnett, Tay",24
Judgment at Nuremberg,"Kramer, Stanley",39
Minsky's Follies,,12
"Novice, The",,72
Wings of Desire,"Wenders, Wim",71
Until the End of the World,"Wenders, Wim",57
Castaway,"Roeg, Nicolas",41
"Alfred Hitchcock Presents, Sorcerer's Apprentice",,60
Delicatessen,"Caro, Marc",78
"Great Train Robbery, The","Crichton, Michael",7
Hanover Street,"Hyams, Peter",81
Hunchback,"Tuchner, Michael",33
My Darling Clementine,"Ford, John",12
Wagon Master,"Ford, John",30
She Wore a Yellow Ribbon,"Ford, John",84
Fantasy Man,"Meagher, John",82
Monster in the Closet,"Dahlin, Bob",39
Double Edge,"Kollek, Amos",69
Network,"Lumet, Sidney",48
Chinatown,"Polanski, Roman",55
Three Days of the Condor,"Pollack, Sydney",87
Voyage of the Damned,"Rosenberg, Stuart",34
Barfly,"Schroeder, Barbet",23
"Wait Until Spring, Bandini",,20
Life with Father,"Curtiz, Michael",10
A Guy Named Joe,"Fleming, Victor",42
Stavisky,"Resnais, Alain",1
Time Bandits,"Gilliam, Terry",5
"Shining, The","Kubrick, Stanley",32
Flame of Barbary Coast,"Kane, Joseph",54
"Naked Truth, The",,34
"Brood, The","Cronenberg, David",51
"Molly Maguires, The","Ritt, Martin",3
Beverly Hills Cop,"Brest, Martin",41
Blind Man's Bluff,"Quinn, James",64
La Dolce Vita,"Fellini, Federico",20
After the Fox,"De Sica, Vittorio",60
"Man with the Golden Gun, The","Hamilton, Guy",41
Marbella,"Hermoso, Miguel",45
"Bobo, The","Parrish, Robert",80
"Big Bands, The",,48
Killer Image.,"Winning, David",8
Kandyland,"Schnitzer, Robert Allen",41
Campus Man,"Casden, Ron",38
Jubal,"Daves, Delmer",32
"Purple Rose of Cairo, The","Allen, Woody",20
Broadway Danny Rose,"Allen, Woody",14
Husbands & Wives,"Allen, Woody",80
Hannah & Her Sisters,"Allen, Woody",8
Hurricane,"Troell, Jan",8
Between Two Women,"Avnet, John",52
"Cannonball Run, The","Needham, Hal",80
Doughnuts & Society,"Collins, Lewis D.",28
Holocaust,"Chomsky, Marvin J.",1
Meridian,"Band, Charles",47
Diary of a Hitman,"London, Roy",67
Gor,"Kiersch, Fritz",2
Surrender,"Belson, Jerry",84
Places in the Heart,"Benton, Robert",83
Not Without My Daughter,"Gilbert, Brian",55
Heroes,"Kagan, Jeremy Paul",17
Absence of Malice,"Pollack, Sydney",76
Norma Rae,"Ritt, Martin",64
Steel Magnolias,"Ross, Herbert",66
"Burbs, The","Dante, Joe",42
"Empire Strikes Back, The","Kershner, Irvin",33
Star Wars,"Lucas, George",44
Return of the Jedi,"Marquand, Richard",4
Hear My Song,"Chelsom, Peter",72
Slightly Scarlet,"Dwan, Allan",52
Gunfight at the OK Corral,"Sturges, John",84
"Range Feud, The","Lederman, Ross",51
Bloodsucking Pharaohs in Pittsburgh,"Smithey, Alan",79
Roma,"Fellini, Federico",75
"China Syndrome, The","Bridges, James",43
"Morning After, The","Lumet, Sidney",6
Klute,"Pakula, Alan J.",15
"Electric Horseman, The","Pollack, Sydney",34
Cat Ballou,"Silverstein, Elliot",62
Coming Home,,1
Rebecca,"Hitchcock, Alfred",78
Jane Eyre,"Stevenson, Robert",44
Stacey!,"Sidaris, Andy",31
Naked Obsession,"Golden, Dan",26
"Stripped to Kill II, Live Girls","Ruben, Katt Shea",80
"Rain Killer, The","Stein, Ken",10
Valley Girl,"Coolidge, Martha",30
"Silence of the Lambs, The","Demme, Jonathan",8
Stealing Home,"Kampmann, Steven ",76
Napoleon & Samantha,"McEveety, Bernard",33
Five Corners,,88
"Blackboard Jungle, The","Brooks, Richard",66
My Left Foot,"Sheridan, Jim",32
Back to the Beach,"Hobbs, Lyndall",45
"Painted Veil, The","Boleslawski, Richard",57
Inspiration,"Brown, Clarence",66
Anna Christie,"Brown, Clarence",0
"Flesh & the Devil, The","Brown, Clarence",72
Woman of Affairs,"Brown, Clarence",83
Anna Karenina,"Brown, Clarence",35
Camille,"Cukor, George",74
Mata Hari,"Fitzmaurice, George",67
Wild Orchids,"Franklin, Sidney",70
Grand Hotel,"Goulding, Edmund",81
"Susan Lennox, Her Fall & Rise","Leonard, Robert Z.",64
Ninotchka,"Lubitsch, Ernst",40
Queen Christina,"Mamoulian, Rouben",82
"Mysterious Lady, The","Niblo, Fred",72
Joyless Street,"Pabst, Georg Wilhelm",73
"Single Standard, The","Robertson, John S.",73
As You Desire Me,,85
Romance,,62
A Child Is Waiting,"Cassavetes, John",60
Tootsie,"Pollack, Sydney",8
Let It Ride,"Pytka, Joe",88
Julius Caesar,"Mankiewicz, Joseph L.",50
Nineteen Forty-One,"Spielberg, Steven",24
Jaws,"Spielberg, Steven",6
Hot Pursuit,"Lisberger, Steven",44
Triumph of the Spirit,"Young, Robert M.",49
Brannigan,"Hickox, Douglas",64
Buffet Froid,"Blier, Bertrand",75
Salvador,"Stone, Oliver",77
"Horse Soldiers, The","Ford, John",76
Long John Silver,"Haskin, Byron",56
"Hustler, The","Rossen, Robert",43
"Star Chamber, The","Hyam, Peter",3
Clara's Heart,"Mulligan, Robert",60
Burglar,"Wilson, Hugh",44
Comic Relief,,69
Bloodbrothers,"Mulligan, Robert",11
Rain Man,"Levinson, Barry",8
Masculine Feminine,"Godard, Jean-Luc",20
"Outer Limits, The","Stanley, Paul",27
Mama's Dirty Girls,,62
"Last Ride of the Dalton Gang, The","Curtis, Dan",62
Why Me?,,74
Number Seventeen,"Hitchcock, Alfred",66
Manhunter,"Mann, Michael",19
"Bonfire of the Vanities, The","De Palma, Brian",82
Working Girl,"Nichols, Mike",25
Shining Through,"Seltzer, David",11
Slumber Party Massacre III,,40
Tokyo Pop,"Kuzui, Fran Rubel",2
Terminator 2,"Cameron, James",8
"Terminator, The","Cameron, James",17
King Kong Lives!,"Guillermin, John",20
Those Daring Young Men in Their Jaunty,,59
At Play in the Fields of the Lord,"Babenco, Hector",81
Crazy People,"Bill, Tony",61
Memoirs of an Invisible Man,"Carpenter, John",58
"Clan of the Cave Bear, The","Chapman, Michael",73
"Final Terror, The","Davis, Andrew",24
Reckless,"Foley, James",14
High Spirits,"Jordan, Neil",53
Roxanne,"Schepisi, Fred",66
Blade Runner,"Scott, Ridley",1
Wall Street,"Stone, Oliver",6
Pope of Greenwich Village,,58
After School,,59
Flaming Frontiers,"Taylor, Ray",82
Libeled Lady,"Conway, Jack",86
Inserts,"Byrum, John",85
"Blue Iguana, The","Lafia, John",65
Tender Mercies,"Beresford, Bruce",61
Nights in White Satin,"Barnard, Michael",5
Videodrome,"Cronenberg, David",36
Intimate Stranger,"Holzman, Allan",23
Highlander,"Mulcahy, Russell",8
Bodycount,,51
Tango & Cash,"Konchalovsky, Andrei",9
There's a Girl in My Soup,"Boulting, Roy",41
Swing Shift,"Demme, Jonathan",81
Foul Play,"Higgins, Colin",46
Best Friends,"Jewison, Norman",74
Butterflies Are Free,"Katselas, Milton",82
Overboard,"Marshall, Garry",6
"Girl from Petrovka, The","Miller, Robert Ellis",23
Housesitter,"Oz, Frank",14
Wildcats,"Ritchie, Michael",22
Protocol,"Ross, Herbert",53
Seems Like Old Times,"Sandrich, Jay",49
"Sugarland Express, The","Spielberg, Steven",28
Private Benjamin,"Zieff, Howard",61
Deceived,,55
Arrowsmith,"Ford, John",84
Say Goodbye Maggie Cole,"Taylor, Jud",84
Circus World,"Hathaway, Henry",29
Affair in Trinidad,"Sherman, Vincent",49
Lady from Shanghai,"Welles, Orson",16
Lady in Question,"Vidor, Charles",57
Gilda,"Vidor, Charles",57
"Loves of Carmen, The","Vidor, Charles",48
Dick Tracy,"Beatty, Warren",84
Marnie,"Hitchcock, Alfred",2
Hot Child in the City,"Florea, John",0
Johnny Dangerously,"Heckerling, Amy",3
Stark,"Holcomb, Rod",27
Three Strange Loves,"Bergman, Ingmar",87
My Fair Lady,"Cukor, George",10
"Unforgiven, The","Huston, John",32
Robin & Marian,"Lester, Richard",6
"Children's Hour, The","Wyler, William",60
"Rainmaker, The","Anthony, Joseph",21
Pat & Mike,"Cukor, George",48
"Lion in Winter, THe","Harvey, Anthony",78
"Sea of Grass, The","Kazan, Elia",75
Guess Who's Coming to Dinner,"Kramer, Stanley",50
Desk Set,"Lang, Walter",51
Rooster Cogburn,"Miller, Stuart",76
On Golden Pond,"Rydell, Mark",23
Adam's Rib,,62
Boom Town,,73
Dragon Seed,,34
Little Women,,22
"Philadelphia Story, The",,25
Without Love,,66
Woman of the Year,,12
Juice,"Dickerson, Ernest R.",31
Hoosiers,"Anspaugh, David",2
Tin Men,"Levinson, Barry",50
"Last Temptation of Christ, The","Scorsese, Martin",32
Paris Trout,,53
Souvenir,"Reeve, Geoffrey",42
A Man for All Seasons,"Zinnemann, Fred",20
Knights & Emeralds,"Emes, Ian",
Masque of the Red Death,"Brand, Larry",9
"Adventures of Smilin' Jack, The","Taylor, Ray",77
Adventures in Dinosaur City,"Thompson, Brett",19
"Allnighter, The","Hoffs, Tamar Simon",71
Caddyshack,"Ramis, Harold",70
Tom Sawyer,"Taylor, Don",11
"Rita, Sue & Bob Too","Clarke, Alan",5
Hawk of Powder River,"Taylor, Ray",61
Tempest,"Taylor, Sam",33
Running Mates,"Neff, Thomas L.",63
Prettykill,"Kaczender, George",71
Judge Priest,"Ford, John",9
Harvey,"Koster, Henry",42
If Looks Could Kill,"Wilmington, Michael",10
Raising Arizona,"Coen, Joel",23
Once Around,"Hallström, Lasse",68
Loulou,"Pialat, Maurice",65
"World According to Garp, The","Hill, George Roy",59
Virus,"Fukasaku, Kinji",62
Northwest Passage,"Vidor, King",51
Gardens of Stone,"Coppola, Francis Ford",27
"Enemies, a Love Story","Mazursky, Paul",5
"Addams Family, The","Sonnenfeld, B.",8
Freaks,"Browning, Tod",61
Necessary Roughness,"Dragoti, Stan",60
A Show of Force,"Barreto, Bruno",1
"Competition, The","Oliansky, Joel",45
Crossing Delancey,"Silver, Joan Micklin",6
"State of Things, The","Wenders, Wim",73
Business As Usual,"Barrett, Lezli-An",17
A Touch of Class,"Frank, Melvin",79
Women in Love.,"Russell, Ken",18
Salome's Last Dance,"Russell, Ken",76
Casino,"Chaffey, Don",5
Smiles of a Summer Night,"Bergman, Ingmar",58
New Year's Day,"Jaglom, Henry",88
Mephisto,"Szabó, István",80
Easy Virtue,"Hitchcock, Alfred",45
Swing It Sailor!,,6
Strictly Business,"Hooks, Kevin",3
Blame It on Rio,"Donen, Stanley",10
Straight to Hell,"Cox, Alex",47
A View to a Kill,,44
American Anthem,"Magnoli, Albert",74
Bedtime Story,"Levy, Ralph",7
"Courtship of Eddie's Father, The",,43
"Night Train to Katmandu, THe","Wiemer, Robert",43
Port of Call,"Bergman, Ingmar",29
Paper Moon,"Bogdanovich, Peter",3
Yellowbeard,"Damski, Mel",34
Adventures of Sherlock Holmes' Smarter,"Wilder, Gene",42
Flashback,"Amurri, Franco",19
"World's Greatest Lover, The","Wilder, Gene",42
Killer's Kiss,"Kubrick, Stanley",66
"Deceivers, The","Meyer, Nicholas",14
Breathless,"McBride, Jim",51
Born on the Fourth of July,"Stone, Oliver",8
Awakenings,"Marshall, Penny",8
Annie Hall,"Allen, Woody",68
Manhattan,"Allen, Woody",82
Reds,"Beatty, Warren",76
Crimes of the Heart,"Beresford, Bruce",84
Looking for Mr. Goodbar,"Brooks, Richard",54
"Godfather, The","Coppola, Francis Ford",8
"Godfather, Pt 2., The","Coppola, Francis Ford",8
"I Will, I Will...For Now","Panama, Norman",6
"Play It Again, Sam","Ross, Herbert",81
Love & Death,,84
Sleeper,,59
Fellini Satyricon,"Fellini, Federico",88
"Formula, The","Avildsen, John G.",82
Black Sunday,"Frankenheimer, John",76
Bobby Deerfield,"Pollack, Sydney",36
Last of the Red Hot Lovers,"Saks, Gene",40
Mogambo,"Ford, John",71
To Catch a Thief,"Hitchcock, Alfred",69
Rear Window,"Hitchcock, Alfred",25
Woman Who Came Back,"Colmes, Walter",26
Stanley & Livingstone,"King, Henry",11
"Bad Seed, The","LeRoy, Mervyn",69
Lethal Weapon 2,"Donner, Richard",69
Blame It on the Bellboy,"Herman, Mark",69
"Drop Kick, The","Webb, Millard",
"Superman, The Movie","Donner, Richard",87
Superman IV: The Quest for Peace,"Furie, Sidney J.",77
Quackser Fortune Has a Cousin in the Bronx,"Waris, Hussein",49
Dead Calm,"Noyce, Phillip",1
Days of Thunder,"Scott, Tony",3
My Life As a Dog,"Hallström, Lasse",21
"Moon in the Gutter, The","Beineix, Jean-Jacques",29
"Paris, Texas","Wenders, Wim",27
Unfaithfully Yours,"Zieff, Howard",73
Bullseye!,"Winner, Michael",8
Erik the Viking,"Jones, Terry",25
Dragonard,"Kikoine, Gerard",71
Hard Choices,"King, Rick",41
"Rain People, The","Coppola, Francis Ford",78
A Year of the Quiet Sun,"Zanussi, Krzystoff",78
"Desert Trail, The","Collins, Lewis D.",50
Almost an Angel,"Cornell, John",14
Crocodile Dundee,"Faiman, Peter",66
"American Friend, The","Wenders, Wim",35
See You in the Morning,"Pakula, Alan J.",53
"Arrogant, The","Blot, Philippe",62
Dracula's Widow,"Coppola, Christopher",55
Ninja Masters of Death,"Lambert, Bruce",15
Mystery Train,"Jarmusch, Jim",23
Go Tell the Spartans,"Post, Ted",67
True Stories,"Byrne, David",79
Ugetsu Monogatari,"Mizoguchi, Kenji",82
Rebel Rousers,"Cohen, Martin B.",44
Plain Clothes,"Coolidge, Martha",4
"Whose Life Is It, Anyway?","Badham, John",62
Running on Empty,"Lumet, Sidney",2
Funny about Love,"Nimoy, Leonard",60
"A Chorus Line, The Movie","Attenborough, Richard",71
Stewardess School,"Blancato, Ken",28
"Big Town, The","Bolt, Ben",11
Rumble Fish,"Coppola, Francis Ford",4
"Outsiders, The","Coppola, Francis Ford",56
Priceless Beauty,"Finch, Charles",7
Streets of Fire,"Hill, Walter",65
Men Don't Leave,"Brickman, Paul",66
Everybody's All American,"Hackford, Taylor",62
Cape Fear,"Scorsese, Martin",7
"Postman Always Rings Twice, The",,24
Crashing Thru,"Taylor, Ray",19
Get Out Your Handkerchiefs,"Blier, Bertrand",78
"Boy Friend, THe","Russell, Ken",8
Hard To Kill,"Malmuth, Bruce",49
Psycho,"Hitchcock, Alfred",56
Jet Pilot,"Sternberg, Josef von",43
Under Cover,"Stockwell, John",36
A Streetcar Named Desire,"Kazan, Elia",75
"Golden Child, The","Ritchie, Michael",86
"Statue, The","Amateau, Rod",80
Christopher Columbus,"Lattuada, Alberto",69
In Country,"Jewison, Norman",76
"Wild Geese, The","McLaglen, Andrew V.",21
"Second Coming of Suzanne., The","Barry, Michael",21
Bronco Billy,"Eastwood, Clint",57
"Gauntlet, The","Eastwood, Clint",18
Ratboy,"Locke, Sondra",1
Lady Vanishes,"Hitchcock, Alfred",27
"Kitchen Toto, THe","Hook, Harry",41
Carlton-Browne of the F.O.,"Boulting, Roy",63
Racketeer,"Higgin, Howard",2
Mr. & Mrs. Smith,"Hitchcock, Alfred",3
Alrededor de Medianoche,"Rayfield, David",47
Losin' It,"Hanson, Curtis",4
Into the Homeland,"Glatter, Lesli Linka",34
Boxing Babes,"Dell, Stewart",9
Shock 'em Dead,"Freed, Mark",31
Heller in Pink Tights,"Cukor, George",52
Two Women,"De Sica, Vittorio",83
"Gold of Naples, The","De Sica, Vittorio",40
"Yesterday, Today & Tomorrow","De Sica, Vittorio",73
Legend of the Lost,"Hathaway, Henry",84
Brass Target,"Hough, John",53
"Fall of the Roman Empire, The","Mann, Anthony",62
El Cid,"Mann, Anthony",10
Desire under the Elms,"Mann, Delbert",13
Two Nights with Cleo,"Mattoli, Mario",54
"Black Orchid, The","Ritt, Martin",54
Angela,"Sagal, Boris",80
A Special Day,"Scola, Ettore",80
Blood Feud,"Wertmuller, Lina",52
"Sophia Loren, Her Own Story",,49
Running Away,,2
Man of La Mancha,,55
Operation Crossbow,,1
Courage,,56
RAD,"Needham, Hal",75
Secret Admirer,,55
Cocaine Cowboys,"Lommel, Ulli",17
Test Pilot,,13
"Ape Man, The","Beaudine, William",83
"Mission, The","Joffe, Roland",20
Curly Sue,"Hughes, John",2
Lolita,"Kubrick, Stanley",80
"Sex, Lies, and Videotape","Soderbergh, Steven",70
Green Card,"Weir, Peter",25
Gator Bait II,"Sebastian, Beverly",73
Being There,"Ashby, Hal",31
Terms of Endearment,"Brooks, James L.",32
Woman Times Seven,"De Sica, Vittorio",36
"Bliss of Mrs. Blossom, The","McGrath, Joseph",86
Postcards from the Edge,"Nichols, Mike",63
Two Mules for Sister Sara,"Siegel, Don",36
Dragonfight,,71
Back Door to Heaven,"Howard, William K.",83
"Ciao Italia, Madonna Live from Italy","De Winter, Harry",74
"Madonna, Truth or Dare","Keshishian, Alek",54
A Certain Sacrifice,"Lewicki, Steven Jon",24
"National Enquirer, The Untold Story",,65
"Immaculate Collection, The",,32
"Madonna Live, The Virgin Tour",,75
"Madonna, Justify My Love",,77
"Madonna, Like a Virgin",,63
Hot to Trot,"Dinner, Michael",78
Fire with Fire,"Gibbins, Duncan",9
Hot Spot,"Hopper, Dennis",70
Amarcord,"Fellini, Federico",50
Casablanca Express,"Martino, Sergio",33
Out of the Blue,"Hopper, Dennis",4
Sands of Iwo Jima,"Dwan, Allan",72
"Hand, The","Stone, Oliver",44
Deep Cover,"Loncraine, Richard",15
Il Bidone,"Fellini, Federico",70
El Guerrero Solitario,"Eastwood, Clint",77
Heartbreak Ridge,"Eastwood, Clint",61
"Goodbye Girl, The","Ross, Herbert",6
Audrey Rose,,62
Polyester,,68
Robin Hood: Prince of Thieves,"Costner, Kevin",8
White Sands,"Donaldson, Roger",38
"Color of Money, The","Scorsese, Martin",6
Children of a Lesser God,"Haines, Randa",20
Matador,"Almodóvar, Pedro",34
Women on the Verge of a Nervous Breakdown,"Almodóvar, Pedro",65
Pepi Luci Bom,"Almodóvar, Pedro",66
"Forgotten, The","Keach, James",69
"Flame & the Arrow, The",,0
After the Shock,"Sherman, Gary",28
Modern Love,,18
Riff Raff,"Loach, Ken",71
"Glory Stompers, The","Lanza, Anthony M.",27
Dances with Wolves,"Costner, Kevin",8
Matewan,"Sayles, John",81
Mississippi Burning,"Parker, Alan",41
"Eiger Sanction, The","Eastwood, Clint",69
Unsettled Land,"Barbash, Uri",75
Cat Chaser,"Ferrera, Abel",6
"Accused, The","Kaplan, Jonathan",71
Winter People,"Kotcheff, Ted",30
"Reuben, Reuben","Miller, Robert Ellis",2
Made in Heaven,"Rudolph, Alan",57
Top Gun,"Scott, Tony",8
Witness,"Weir, Peter",59
"House on Carroll Street, The",,6
Racing with the Moon,"Benjamin, Richard",50
Lovesick,"Brickman, Marshall",51
She's Having a Baby,,18
"Greatest Story Ever Told, The","Stevens, George",26
Hawks,"Miller, Robert Ellis",11
So Fine,"Bergman, Andrew",17
Paths of Glory,"Kubrick, Stanley",47
Tom Jones,"Dassin, Jules",39
"Sunshine Boys, The","Ross, Herbert",35
Caddyshack 2,"Arkush, Allan",34
Internal Affairs,"Figgis, Mike",3
JFK,"Stone, Oliver",78
New Jack City,"Van Peebles, Mario",80
Scenes from a Mall,,8
Hope & Glory,"Boorman, John",3
Ryan's Daughter,"Lean, David",81
"Man Who Loved Cat Dancing, The","Sarafian, Richard C.",40
"Man Who Shot Liberty Valance, The","Ford, John",85
Dead-Bang,"Frankenheimer, John",9
Big Top Pee-wee,"Kleiser, Randal",17
"Time Machine, The","Pal, George",88
Cabaret,"Fosse, Bob",59
Arthur,"Gordon, Steve",79
A Matter of Time,"Minnelli, Vincente",70
"New York, New York","Scorsese, Martin",8
"Nightmare on Elm Street, Pt. 5, The Dream Child","Hopkins, Stephen",41
"Fiendish Plot of Dr. Fu Manchu, The","Haggard, Piers",29
Four American Composers,"Greenaway, Peter",3
"Asphalt Jungle, The","Huston, John",77
Ladies of the Chorus,"Karlson, Phil",60
How to Marry a Millionaire,"Negulesco, Jean",65
Hollywood Out-Takes & Rare Footage,,27
Nothing But Trouble,"Aykroyd, Dan",25
Wisdom,"Estevez, Emilio",25
One Crazy Summer,"Holland, Savage Steve",61
We're No Angels,"Jordan, Neil",51
No Small Affair,"Schatzberg, Jerry",10
Ghost,"Zucker, Jerry",6
About Last Night,"Zwick, Edward",66
Six Weeks,"Bill, Tony",73
Return of October,"Lewis, Joseph H.",35
"Come Back, Little Sheba","Mann, Daniel",50
Going Places,"Blier, Bertrand",66
Monte Walsh,"Fraker, William A.",29
Mr. Arkadin,"Welles, Orson",80
White of the Eye,"Cammell, Donald",48
"Producers, The","Brooks, Mel",33
"Front, The","Ritt, Martin",70
House of the Rising Sun,"Gold, Greg",45
In a Shallow Grave,"Bowser, Kenneth",72
Mc Q,"Sturges, John",73
Lady from Louisiana,"Vorhaus, Bernard",38
Wait Until Spring Bandini,"Deruddere, Dominique",29
"Long Voyage Home, The","Ford, John",88
"Trouble with Harry, The","Hitchcock, Alfred",28
Encounters,"Marder, Bruce",44
Hud,"Ritt, Martin",2
Operation Pacific,,5
Surf Nazis Must Die,"George, Peter",50
Teahouse of the August Moon,"Mann, Daniel",11
Back in the U.S.S.R.,,61
"Man Who Haunted Himself, The","Dearden, Basil",75
Prisoner of Honor.,"Russell, Ken",58
Control,,27
Desert Rider,"Bradbury, Robert N.",
Wholly Moses!,"Weis, Gary",25
Star Trek VI: The Undiscovered Country,"Meyer, Nicholas",11
Star Trek V: The Final Frontier,"Shatner, William ",87
Circuitry Man,"Lovy, Steven",78
Cobra,"Cosmatos, George P.",57
Beverly Hills Cop II,"Scott, Tony",37
Red Sonja,,40
To Joy,"Bergman, Ingmar",65
Macbeth,,45
Vertigo,"Hitchcock, Alfred",10
Young Love: Lemon Popsicle Seven,"Bennett, Walter",47
Crack-Up,"Reis, Irving",25
Bury Me Not on the Lone Prairie,"Taylor, Ray",85
Law & Order,"Taylor, Ray",87
Man from Montana,"Taylor, Ray",85
"Long Gray Line, The","Ford, John",26
Rio Grande,"Ford, John",64
"Wings of Eagles, The","Ford, John",29
Jamaica Inn,"Hitchcock, Alfred",75
Big Jake,"Sherman, George",68
"Quiet Man, The",,74
After the Rehearsal,"Bergman, Ingmar",0
Big Jim McLain,"Ludwig, Edward",14
Smith!,"O'Herlihy, Michael",62
"Wild One, The","Benedek, Laslo",26
"Manxman, The","Hitchcock, Alfred",65
International Velvet,"Forbes, Bryan",40
Scanners,"Cronenberg, David",32
Trick or Treat,"Smith, Charles Martin",47
48 Hrs.,"Hill, Walter",67
"Trip to Bountiful, The","Masterson, Peter",62
Mister Roberts,"Ford, John",8
Z,Costa-Gavras,72
Maurice,"Ivory, James",45
Hamlet,"Richardson, Tony",39
La Femme Nikita,"Besson, Luc",6
Honeymoon in Vegas,"Bergman, Andrew",53
Going for the Gold,"Taylor, Dan",10
Shout at the Devil,"Hunt, Peter R.",0
A Smoky Mountain Christmas,"Winkler, Henry",23
Getting Physical,"Stern, Steven Hilliard",75
Torn Apart,"Fisher, Jack",8
From the Hip,"Clark, Bob",36
"Ratings Game, The","DeVito, Danny",21
Class Act,,88
Water,"Clement, Dick",47
Silent Movie,"Brooks, Mel",27
Pink Cadillac,"Eastwood, Clint",12
"Jerk, The","Reiner, Carl",22
Wild Times,"Compton, Richard",75
Sweet Liberty,"Alda, Alan",12
Grease II,"Birch, Patricia",64
Married to the Mob,"Demme, Jonathan",8
Ladyhawke,"Donner, Richard",68
"Fabulous Baker Boys, The","Kloves, Steve",66
Into the Night,"Landis, John",62
"Russia House, The","Schepisi, Fred",3
Tequila Sunrise,"Towne, Robert",50
B. A. D. Cats,,87
"Last Movie, The","Hopper, Dennis",22
Dillinger,"Milius, John",83
Little Dorrit,"Edzard, Christine",12
My Best Girl,"Taylor, Sam",31
Seizure,"Stone, Oliver",59
A Chorus of Disapproval,"Winner, Michael",0
Rome Adventure,"Daves, Delmer",39
Drowning by Numbers,"Greenaway, Peter",28
Born to Ride,"Baker, Graham",59
Her Alibi,"Beresford, Bruce",80
Glitz,,9
Dangerous Pursuit,"Stern, Sandor",88
Experiment in Terror,"Edwards, Blake",77
"Hideaways, The","Cook, Fielder",42
What's New Pussycat,"Donner, Clive",83
What's New Pussycat?,"Donner, Clive",46
Packin' It In,"Taylor, Jud",8
"Naked Gun: From the Files of Police Squad!, THe","Zucker, David",9
In Too Deep,"Tatoulis, Colin South, John",50
Twins,"Reitman, Ivan",23
"Experts, The","Thomas, Dave",67
Naked Lie,"Colla, Richard A.",7
Mistress,"Tuchner, Michael",36
Pleasure Palace,,45
Adam at 6 A.M.,"Scheerer, Robert",3
Web of Deceit,"Stern, Sandor",6
New York Stories,"Coppola, Francis Ford",6
"Dreams Lost, Dreams Found","Patterson, Willi",66
Au Revoir les Enfants,"Malle, Louis",35
Quo Vadis,"Rossi, Franco",6
"Fighting Kentuckian, The","Waggner, George",74
Zardoz,"Boorman, John",6
Police Academy 6: City under Siege,"Bonerz, Peter",29
Police Academy 5: Assignment Miami Beach,"Myerson, Alan",59
Police Academy 3: Back in Training,"Paris, Jerry",6
"America's Music, Blues","Walton, Kip",54
Julia,"Zinnemann, Fred",75
"Devils, The","Russell, Ken",69
Ransom,"Segal, Alex",73
Cadillac Man,"Donaldson, Roger",28
"Best of Times, The","Spottiswoode, Roger",88
Death of a Salesman,"Schlöndorff, Volker",13
It Started with a Kiss,,80
"Money, The",,29
Empire of the Sun,"Spielberg, Steven",6
"Comfort of Strangers, The","Schrader, Paul",5
On Her Majesty's Secret Service,"Hunt, Peter R.",66
Pretty in Pink,"Deutch, Howard",75
PK. & the Kid.,,49
"Lone Star Trail, The","Taylor, Ray",27
Summer,"Rohmer, Eric",11
"Planes, Trains & Automobiles","Hughes, John",73
Pretty Woman,"Marshall, Garry",43
Flatliners,"Schumacher, Joel",19
Hook,"Spielberg, Steven",4
Riders of Pasco Basin,"Taylor, Ray",17
"Gotta Dance, Gotta Sing",,20
Desperate Hours,"Cimino, Michael",58
Gung Ho,"Howard, Ron",59
Shooting Elizabeth,"Taylor, Baz",5
Strangers on a Train,"Hitchcock, Alfred",17
"Sacketts, The","Totten, Robert",86
To Die Standing,"Morneau, Louis",53
Rodeo Girl,"Cooper, Jackie",80
Butch Cassidy & the Sundance Kid,"Hill, George Roy",29
Hellfighters,"McLaglen, Andrew V.",22
"Final Countdown, The","Taylor, Don",35
Blue Velvet,"Lynch, David",6
Cousins,,28
Black & White in Color,"Annaud, Jean-Jacques",24
Another Woman,"Allen, Woody",7
Night on Earth,"Jarmusch, Jim",24
Permanent Record,"Silver, Marisa",42
"Fisher King, The","Gilliam, Terry",8
Another You,"Phillips, Maurice",75
"Young Lions, The","Dmytryk, Edward",10
Cheerleader Camp,"Quinn, John",79
Trapper County War,,5
Angel & the Badman,"Grant, James Edward",84
Impulse,"Locke, Sondra",23
Track Twenty-Nine,"Roeg, Nicolas",48
Freejack,"Richardson, Tony",26
"John Wayne Matinee Double Feature, No. 1",,30
"Smallest Show on Earth, The","Dearden, Basil",24
Innerspace,"Dante, Joe",41
"Presidio, The","Hyams, Peter",4
Joe Versus the Volcano,"Patrick, John",17
"Doors, The","Stone, Oliver",60
"Welcome Home, Roxy Carmichael","Abrahams, Jim",41
Cancel My Reservation,"Bogart, Paul",60
North by Northwest,"Hitchcock, Alfred",20
"Russians Are Coming, the Russians Are, The","Jewison, Norman",79
Exodus,"Preminger, Otto",13
"Ballad of Narayama, The","Imamura, Shohei",88
Out of the Darkness,"Taylor, Jud",86
"Garden of the Finzi-Continis, The","De Sica, Vittorio",42
Steppenwolf,"Haines, Fred",20
"Mackintosh Man, The","Huston, John",65
Partner,"Bertolucci, Bernardo",26
"Conformist, The","Bertolucci, Bernardo",72
Dirty Harry,"Siegel, Don",72
Ferris Bueller's Day Off,"Hughes, John",12
Legend,"Scott, Ridley",42
"Buddy System, The","Jordan, Glenn",48
A Dry White Season,"Palcy, Euzhan",71
"Rocky Horror Picture Show, The","Sharman, Jim",59
War & Peace,"Bondarchuk, Sergei",80
Defense of the Realm,,79
Basil The Rat,,9
"Fawlty Towers, Gourmet Night, Waldorf Salad & The Kipper & the Corpse",,46
Going Under,"Travis, Mark W.",30
U S. Sub Standard.,,27
Hells Angels on Wheels,,1
"Passenger, The","Antonioni, Michelangelo",32
Last Tango in Paris,"Bertolucci, Bernardo",28
Indigo Autumn & Lilac Dream,"Gillard, Stuart",72
"Kriemhild's Revenge, The Nibelungenlied","Lang, Fritz",74
Johnny Tiger,"Wendkos, Paul",69
Head Office,"Finkleman, Ken",88
Live & Let Die,,62
Le Charme Discret de la Bourgeoisie,"Bunuel, Luis",4
Blue City,"Manning, Michelle",38
Bad Boys,"Rosenthal, Rick",7
"Whoopee Boys, The","Byrum, John",54
"Last Picture Show, The","Bogdanovich, Peter",62
"Diamond Trap, The","Taylor, Don",58
Endless Love,"Zeffirelli, Franco",20
Rocky,"Avildsen, John G.",78
Cocktail,"Donaldson, Roger",13
Sabotage,"Hitchcock, Alfred",74
Madame Rosa,"Mizrahi, Moshe",11
Fozzie's Muppet Scrapbook,,86
Desiree,"Koster, Henry",22
Spartacus,"Kubrick, Stanley",67
Guys & Dolls,"Mankiewicz, Joseph L.",70
Until They Sail,"Wise, Robert",77
Coming to America,"Landis, John",11
Lilies of the Field,"Poitier, Sidney",36
River's Edge,"Hunter, Tim",3
Ruthless People,"Abrahams, Jim",84
"Secret of My Success, The","Ross, Herbert",5
"Shop on Main Street, The","Kadar, Jan",37
Funny Farm,"Hill, George Roy",30
"Lonely Passion of Judith Hearne, The","Clayton, Jack",24
California Suite,"Ross, Herbert",11
Maximum Overdrive,"King, Stephen",40
Pale Rider,"Eastwood, Clint",45
"Kissing Place, The","Wharmby, Tony",41
French Lesson,"Gilbert, Brian",29
Roller Blade,"Jackson, Donald G",31
A Shot in the Dark,"Edwards, Blake",51
"Treasure Seekers, The",,2
Missing,Costa-Gavras,30
Picasso Trigger,"Sidaris, Andy",20
Hard Ticket to Hawaii,"Sidaris, Andy",36
Diamonds are Forever,"Hamilton, Guy",8
Baby Face,"Green, Alfred E.",66
"Violent Men, The","Mate, Rudolph",25
Cocoon,"Howard, Ron",45
Clockwise,"Morahan, Christopher",10
Romantic Comedy,,8
Outland,"Hyams, Peter",7
Hang 'em High,"Post, Ted",67
Basic Instinct,"Verhoeven, Paul",41
Total Recall,"Verhoeven, Paul",8
Stakeout,"Badham, John",13
"Unnamable II, The Statement of Randolph Carter, The","Ouellette, Jean-Paul",36
"Trip, The","Corman, Roger",64
Ironweed,"Babenco, Hector",32
Kramer vs. Kramer,"Benton, Robert",8
Still of the Night,"Benton, Robert",42
Defending Your Life,"Brooks, Albert",75
"Deer Hunter, The","Cimino, Michael",82
Falling in Love,"Grosbard, Ulu",31
Heartburn,"Nichols, Mike",57
Silkwood,"Nichols, Mike",52
Sophie's Choice,"Pakula, Alan J.",64
Out of Africa,"Pollack, Sydney",88
"French Lieutenant's Woman, The","Reisz, Karel",37
Plenty,"Schepisi, Fred",9
A Cry in the Dark,"Schepisi, Fred",67
She-Devil,"Seidelman, Susan",43
Death Becomes Her,"Zemeckis, Robert",61
Kids & Pesticides,,36
On a Clear Day You Can See Forever,"Minnelli, Vincente",67
Nuts,"Ritt, Martin",52
Yentl,"Streisand, Barbra",46
Funny Girl,"Wyler, William",30
Fellow Traveller,"Towns, Philip Saville",39
Dodesukaden,"Kurosawa, Akira",75
"Sicilian, The","Cimino, Michael",41
So Ends Our Night,"Cromwell, John",2
Sword of the Valiant,"Weeks, Stephen",5
"Devil's Wanton, The","Bergman, Ingmar",66
Driving Miss Daisy,"Beresford, Bruce",6
"Seventh Cross, The",,35
Between Friends,"Antonio, Lou",54
Raintree County,"Dmytryk, Edward",74
"Driver's Seat, The","Griffi, Giuseppe Patroni",72
Reflections in a Golden Eye,"Huston, John",81
"X, Y & Zee","Hutton, Brian G.",87
Secret Ceremony,"Losey, Joseph",60
Cleopatra,"Mankiewicz, Joseph L.",80
Father of the Bride,"Minnelli, Vincente",54
Who's Afraid of Virginia Woolf?,"Nichols, Mike",82
A Little Night Music,"Prince, Harold",61
Giant,"Stevens, George",61
"Rumor Mill, The","Trikonis, Gus",62
Lassie Come Home,"Wilcox, Fred M",79
Return Engagement,,26
Hammersmith Is Out,,80
Super Duper Bloopers,,21
"Elizabeth Taylor Collection, The",,21
Ash Wednesday,,54
"Last Time I Saw Paris, The",,13
Cimarron,"Ruggles, Wesley",44
Apache Woman,"Corman, Roger",32
Gary Numan - Berzerker,,60
Mystic Pizza,"Petrie, Donald",74
Dogfight,"Savoca, Nancy",66
"Adventures of Rex & Rinty, The","Beebe, Ford",87
Daphnis & Chloe,"Wimhurst, Jolyon",85
Marathon,"Cooper, Jackie",76
Fort Apache,"Ford, John",4
Wee Willie Winkie,"Ford, John",78
Big Shots,"Mandel, Robert",5
Doin' Time on Planet Earth,"Matthau, Charles",44
All the Right Moves,"Chapman, Michael",65
Some Kind of Wonderful,"Deutch, Howard",16
"All New Tales from the Crypt, A Trilogy","Deutch, Howard",33
Back to the Future,"Zemeckis, Robert",9
Winter Light,"Bergman, Ingmar",2
"Silence, The","Bergman, Ingmar",79
"Magician, The","Bergman, Ingmar",3
"Four Horsemen of the Apocalypse, The","Minnelli, Vincente",71
Critical Condition,"Apted, Michael",41
Center of the Web,,42
Border Shootout,,7
Lean on Me,"Avildsen, John G.",51
On Wings of Eagles,"McLaglen, Andrew V.",53
Texas,"Marshall, George",79
Allegheny Uprising,"Seiter, William A.",53
Dark Command,"Walsh, Raoul",52
Peggy Sue Got Married,"Coppola, Francis Ford",62
"Dear America, Letters Home from Vietnam","Couturie, Bill",57
Prizzi's Honor,"Huston, John",25
"Man with Two Brains, The","Reiner, Carl",68
Crimes of Passion,"Russell, Ken",4
"Jewel of the Nile, The","Teague, Lewis",68
Romancing the Stone,"Zemeckis, Robert ",83
"Accidental Tourist, The",,56
"Sea Chase, The","Farrow, John",4
"Another Time, Another Place",,4
Cannibal Women in the Avocado Jungle of Death,"Lawton, J.F.",56
Mr Love.,"Battersby, Roy",10
2001: A Space Odyssey,"Kubrick, Stanley",83
Persona,"Bergman, Ingmar",81
Scenes from a Marriage,"Bergman, Ingmar",3
Hour of the Wolf,"Bergman, Ingmar",37
"Passion of Anna, The","Bergman, Ingmar",6
Dangerous Moves,"Dembo, Richard",7
Sayonara,"Logan, Joshua",19
Where Eagles Dare,"Hulton, Brian G.",57
Teen Wolf,"Daniel, Rod",58
Amazon,"Kaurismäki, Mika",30
"Paper Chase, The","Bridges, James",7
"Virgin Spring, The","Bergman, Ingmar",8
Spider's Stratagem,"Bertolucci, Bernardo",45
Play Misty for Me,"Eastwood, Clint",47
Going Ape,"Kronsberg, Jeremy Joe",65
Cool Hand Luke,"Rosenberg, Stuart",49
Phantom of the Ritz,"Plone, Allen",85
Crash & Burn,"Band, Charles",75
After Dark My Sweet,"Foley, James",33
Christopher Columbus: The Discovery,"Glen, John",39
Young Sherlock Holmes,"Levinson, Barry",16
Doc Hollywood,"Caton-Jones, Michael",64
Baja Oklahoma,"Roth, Bobby",71
Aliens,"Cameron, James",82
Alien Three,"Fincher, David",59
Alien: resurrection,"Jeunet, Jean-Pierre",60
Alien,"Scott, Ridley",83
One Woman or Two,"Vigne, Daniel",64
Soggy Bottom U. S. A.,"Flicker, Theodore J.",50
Bang the Drum Slowly,"Hancock, John D.",73
"Catamount Killing, The","Zanussi, Krzystoff",84
Fuzz,"Colla, Richard A.",37
"Shoot Loud, Louder, I Don't Understand!","De Filippo, Eduardo",70
Bedazzled,"Donen, Stanley",67
"Prince & the Pauper, The","Fleischer, Richard",86
One Hundred Rifles,"Gries, Tom",48
"Wild Party, The","Ivory, James",75
Bandolero!,"McLaglen, Andrew V.",9
"Last of Sheila, The","Ross, Herbert",39
Hannie Caulder,,9
Sounds of the Seventies...& the Beat Goes,,13
Bird,"Eastwood, Clint",24
Meet Millie,,82
Hell Comes to Frogtown,"Jackson, Donald G",74
"Fortune Cookie, The","Wilder, Billy",3
"Sun Shines Bright, The","Ford, John",46
"Squeeze, The","Apted, Michael",23
Start the Revolution Without Me,"Yorkin, Bud",62
Major League,"Ward, David S.",64
"Bright Lights, Big City","Bridges, James",30
"Lost Boys, The","Schumacher, Joel",67
Cookie,"Seidelman, Susan",43
"Conversation, The","Coppola, Francis Ford",59
American Graffiti,"Lucas, George",39
Dangerous When Wet,"Walters, Charles",67
Stir Crazy,"Poitier, Sidney",40
Young Einstein,"Serious, Yahoo",47
"Killing, The","Kubrick, Stanley",51
"Cahill, United States Marshal","McLaglen, Andrew V.",12
"Savage Intruder, The","Wolfe, Donald",24
"Sheltering Sky, The","Bertolucci, Bernardo",64
An Officer & a Gentleman,"Hackford, Taylor",1
Black Widow,"Rafelson, Bob",54
Legal Eagles,"Reitman, Ivan",39
Bloody Mama,"Corman, Roger",17
A Patch of Blue,"Green, Guy",51
I Died a Thousand Times,"Heisler, Stuart",23
Tentacles,"Hellman, Oliver",62
"Scalphunters, The","Pollack, Sydney",33
A Day in October,"Madsen, Kenneth",76
A Fistful of Dollars,"Leone, Sergio",61
My Science Project,"Betnel, Jonathan",84
"Great Race, The","Edwards, Blake",88
"Searchers, The","Ford, John",9
Meteor,"Neame, Ronald",5
Rebel Without a Cause,"Ray, Nicholas",82
West Side Story,"Wise, Robert",38
Trash,"Morrissey, Paul",68
A Big Hand for the Little Lady,"Cook, Fielder",12
A Fine Madness,"Kershner, Irvin",6
"Glass Menagerie, The","Newman, Paul",68
Harry & Son,"Newman, Paul",57
"Rachel, Rachel","Newman, Paul",32
Paris Blues,"Ritt, Martin",54
"Fugitive Kind, The",,3
Mr. & Mrs. Bridge,,29
State of Grace,"Joanou, Phil",49
Shadow of a Doubt,"Hitchcock, Alfred",32
"Men, The","Zinnemann, Fred",27
Stage Fright,"Hitchcock, Alfred",72
Magic Town,"Wellman, William",4
That Lucky Touch,"Miles, Christopher",85
Lust for Gold,"Simon, S. Sylvan",57
Heat,"Jameson, Jerry",69
Employee's Entrance,,0
Night Is My Future,"Bergman, Ingmar",17
"Witches, The","Roeg, Nicolas",18
Vera Cruz,"Aldrich, Robert",71
Apache,"Aldrich, Robert",78
Twilight's Last Gleaming,"Aldrich, Robert",84
"Frisco Kid, The","Aldrich, Robert",10
Bank on the Stars,"Allen, Craig",
Law of Desire,"Almodóvar, Pedro",73
"Quiller Memorandum, The","Anderson, Michael",34
"Longest Day, The","Annakin, Ken",7
"Name of the Rose, The","Annaud, Jean-Jacques",8
Bloodsport,"Arnold, Newt",78
Torment,"Aslanian, Samson",8
Pelle the Conqueror,"August, Bille",14
Taps,"Becker, Harold",84
"Freshman, The","Bergman, Andrew",32
"Last Emperor, The","Bertolucci, Bernardo",1
"Grim Reaper, The","Bertolucci, Bernardo",35
Le Dernier Combat,"Besson, Luc",72
Too Beautiful for You,"Blier, Bertrand",35
"Fire, Ice & Dynamite","Bogner, Willy",72
Heavens Above,"Boulting, John",38
One Eyed Jacks,"Brando, Marlon",26
"Swing It, Sailor!","Cannon, Raymond",83
"Wolf at the Door, The","Carlsen, Henning",68
Modern Times,"Chaplin, Charles",4
Thunderbolt & Lightfoot,"Cimino, Michael",16
A Nous la Liberte,"Clair, Rene",60
Scum,"Clarke, Alan",68
"Inside Man, The","Clegg, Tom",45
Apocalypse Now,"Coppola, Francis Ford",8
"Bellboy & the Playgirls, The","Coppola, Francis Ford",7
"Terror, The","Corman, Roger",88
"Raven, The","Corman, Roger",85
They Came from Within,"Cronenberg, David",21
"Boy in Blue, The","Dale, Cynthia",63
Killer Tomatoes Strike Back,"De Bello, John",24
Attack of the Killer Tomatoes,"De Bello, John",47
"Untouchables, The","De Palma, Brian",7
Wise Guys,"De Palma, Brian",16
American Autobahn,"Degas, Andre",75
"Final Alliance, The","Di Leo, Mario",10
"Bounty, The","Donaldson, Roger",25
"Little Prince, The","Donen, Stanley",31
Posse,"Douglas, Kirk",76
Firefox,"Eastwood, Clint",64
Penitentiary III,"Fanaka, Jamaa",82
Ginger & Fred,"Fellini, Federico",29
"Wrong Box, The","Forbes, Bryan",40
Wagonmaster,"Ford, John",1
They Were Expendable,"Ford, John",88
"Last Hurrah, The","Ford, John",46
Law of the Golden West,"Ford, Philip",1
Pioneer Marshal,"Ford, Philip",8
Ranger of the Cherokee Strip,"Ford, Philip",31
Vanishing Westerner,"Ford, Philip",6
Bandits of Dark Canyon,"Ford, Philip",72
"Bold Frontiersman, The","Ford, Philip",18
"Wild Frontier, The","Ford, Philip",61
"Firemen's Ball, The","Forman, Milos",8
Local Hero,"Forsyth, Bill",54
"French Connection, The","Friedkin, William",88
To Live & Die in L. A.,"Friedkin, William",70
Ferry to Hong Kong,"Gilbert, Lewis",77
"Eddie Murphy, Delirious","Gower, Bruce",6
"Secret Policeman's Private Parts, The","Graef, Roger",36
Up the Creek,"Guest, Val",54
Yol,"Guney, Yilmaz",53
Sara Dane,"Hardy, Rod",75
Night Tide,"Harrington, Curtis",50
His Majesty O'Keefe,"Haskin, Byron",3
North to Alaska,"Hathaway, Henry",31
Flight to Fury,"Hellman, Monte",70
Ride in the Whirlwind,"Hellman, Monte",26
Powderkeg,"Heyes, Douglas",26
I Confess,"Hitchcock, Alfred",63
"Thirty-Nine Steps, The","Hitchcock, Alfred",8
Topaz,"Hitchcock, Alfred",12
Murder,"Hitchcock, Alfred",50
Dial M for Murder,"Hitchcock, Alfred",52
Young & Innocent,"Hitchcock, Alfred",43
Creature from Black Lake,"Houck, Joy, Jr.",88
Chariots of Fire,"Hudson, Hugh",6
Monty Python Live at the Hollywood Bowl,"Hughes, Terry",81
"Man Who Would Be King, The","Huston, John",6
Victory,"Huston, John",39
Kelly's Heroes,"Hutton, Brian G.",84
Next of Kin,"Irvin, John",63
Chattahoochee,"Jackson, Mick",30
"Angelic Conversation, The","Jarman, Derek",41
Down by Law,"Jarmusch, Jim",49
"Killing Fields, The","Joffe, Roland",6
Survival Zone,"Jones, Chris",25
Monty Python's Life of Brian,"Jones, Terry",11
Monty Python's the Meaning of Life,"Jones, Terry",33
"Red Tent, The","Kalatozov, Mikhail",7
Dakota,"Kane, Joseph",27
Viva Zapata!,"Kazan, Elia",86
"Green Berets, The","Kellogg, Ray",36
Big Bad John,"Kennedy, Burt",84
"Ticket of Leave Man, The","King, George",45
"D-Day, The Sixth of June","Koster, Henry",84
"Apprenticeship of Duddy Kravitz, The","Kotcheff, Ted",64
A Clockwork Orange,"Kubrick, Stanley",83
Full Metal Jacket,"Kubrick, Stanley",45
Sanshiro Sugata,"Kurosawa, Akira",85
Rhapsody in August,"Kurosawa, Akira",50
No Regrets for Our Youth,"Kurosawa, Akira",31
"Bad Sleep Well, The","Kurosawa, Akira",65
"Idiot, The","Kurosawa, Akira",40
Rashomon,"Kurosawa, Akira",59
Sanjuro,"Kurosawa, Akira",6
Seven Samurai,"Kurosawa, Akira",9
Throne of Blood,"Kurosawa, Akira",60
Yojimbo,"Kurosawa, Akira",60
Kagemusha,"Kurosawa, Akira",74
Ikiru,"Kurosawa, Akira",36
Empire of Spiritual Ninja,"Lambert, Bruce",26
"Ninja, the Violent Sorcerer","Lambert, Bruce",
Metropolis,"Lang, Fritz",49
Cloak & Dagger,"Lang, Fritz",55
Spiders,"Lang, Fritz",29
Human Desire,"Lang, Fritz",27
Spies,"Lang, Fritz",49
"Testament of Dr. Mabuse, The","Lang, Fritz",4
Fury,"Lang, Fritz",48
Mo' Better Blues,"Lee, Spike",78
Matt Talbot,"Lennon, Biddy W.",35
"Will Rogers, Look Back in Laughter","Leo, Malcolm",6
For a Few Dollars More,"Leone, Sergio",34
Thirty Seconds over Tokyo,"LeRoy, Mervyn",45
Class of 1984,"Lester, Mark L.",23
Juggernaut,"Lester, Richard",63
"Good Morning, Vietnam","Levinson, Barry",37
Blood on the Sun,"Lloyd, Frank",76
Paint Your Wagon,"Logan, Joshua",46
Ensign Pulver,"Logan, Joshua",16
Street People,"Lucidi, Maurizio",25
"Manhunt, The","Ludman, Larry",34
Operation Nam,"Ludman, Larry",37
"Fighting Seabees, The","Ludwig, Edward",35
Let It Rock,"Lynch, David",32
Eraserhead,"Lynch, David",2
"Ladykillers, The","Mackendrick, Alexander",28
Sweet Smell of Success,"Mackendrick, Alexander",12
And Now for Something Completely Different,"MacNaughton, Ian",44
Crackers,"Malle, Louis",17
Green Glove,"Mate, Rudolph",54
Menace on the Mountain,"McEveety, Vincent",69
In Old California,"McGann, William",27
"Thirty Is a Dangerous Age, Cynthia","McGrath, Joseph",28
Ffolkes,"McLaglen, Andrew V.",62
Chisum,"McLaglen, Andrew V.",72
"Hunt for Red October, The","McTiernan, John",8
Closely Watched Trains,"Menzel, Jiri",75
Executive Action,"Miller, David",6
Flying Tigers,"Miller, David",61
Father's Little Dividend,"Minnelli, Vincente",52
An Evening with Robin Williams,"Mischer, Don",68
Eddie Murphy Raw,"Murphy, Eddie",51
Harlem Nights,"Murphy, Eddie",11
Santee,"Nelson, Gary",47
"Good Father, The","Newell, Mike",42
Sometimes a Great Notion,"Newman, Paul",7
Catch Twenty-Two,"Nichols, Mike",50
Dark Age,"Nicholson, Arch",3
Deadline,"Nicholson, Arch",9
Mysterious Mr. Wong,"Nigh, William",71
A Month in the Country,"O'Connor, Pat",57
"Prom Night III, The Last Kiss","Oliver, Ron",29
"Blood in, Blood Out","Olmos, Edward James",88
"Wrong Arm of the Law, The","Owen, Cliff",25
Orphans,"Pakula, Alan J.",21
All the President's Men,"Pakula, Alan J.",45
J-Men Forever,"Patterson, Richard",59
"Wild Bunch, The","Peckinpah, Sam",50
Judgement in Berlin,"Penn, Leo",13
"Hot Line, The","Perier, Etienne",70
Rocket Gibraltar,"Petrie, Daniel",26
"Yakuza, The","Pollack, Sydney",16
Jeremiah Johnson,"Pollack, Sydney",88
Burn!,"Pontecorvo, Gillo",75
Magnum Force,"Post, Ted",28
Cyborg,"Pyun, Albert",31
"Prisoner of Zenda, The","Quine, Richard",12
Scream,"Quisenberry, Byron",24
"Assault, The","Rademakers, Fons",71
Flying Leathernecks,"Ray, Nicholas",23
What Comes Around,"Reed, Jerry",49
Mon Oncle D'Amerique,"Resnais, Alain",71
"Culpepper Cattle Company, The","Richards, Dick",29
"Survivors, The","Ritchie, Michael",52
Roadhouse Sixty-Six,"Robinson, John Mark",20
"Burning Poles, Cecil Taylor in Performance","Rochlin, Sheldon",82
Russkies,"Rosenthal, Rick",87
My Blue Heaven,"Ross, Herbert",63
Altered States,"Russell, Ken",22
"Cowboys, The","Rydell, Mark",58
"Code Name, Emerald","Sanger, Jonathan",22
Patton,"Schaffner, Franklin J.",8
Midnight Cowboy,"Schlesinger, John",33
"Falcon & the Snowman, The","Schlesinger, John",61
Maitresse,"Schroeder, Barbet",39
Disorderlies,"Schultz, Michael",69
Raging Bull,"Scorsese, Martin",25
Garrison Keillor's Home,"Sevush, Herb",6
Overland Stage Raiders,"Sherman, George",83
Pals of the Saddle,"Sherman, George",33
Alone in the Dark,"Sholder, Jack",75
"Beguiled, The","Siegel, Don",60
Escape from Alcatraz,"Siegel, Don",22
Criss Cross,"Siodmak, Robert",77
Midway,"Smight, Jack",36
Indiana Jones & the Last Crusade,"Spielberg, Steven",8
Duel,"Spielberg, Steven",48
Separate but Equal,"Stevens, George, Jr.",56
Gosta Berling's Saga,"Stiller, Mauritz",63
Platoon,"Stone, Oliver",8
"Crawling Hand, The","Strock, Herbert L.",79
Willy Wonka & the Chocolate Factory,"Stuart, Mel",65
Joe Kidd,"Sturges, John",79
"Santa Claus, The Movie","Szwarc, Jeannot",19
Boys Town,"Taurog, Norman",21
"Erasure, Live Wild!","Taylor, Gavin",48
A Question of Honor,"Taylor, Jud",80
Check Your Guns,"Taylor, Ray",80
West to Glory,"Taylor, Ray",43
"Throwback, The","Taylor, Ray",53
Border Feud,"Taylor, Ray",43
"Fighting Vigilantes, The","Taylor, Ray",21
Law of the Lash,"Taylor, Ray",66
Outlaw Country,"Taylor, Ray",62
Return of the Lash,"Taylor, Ray",78
Mystery of the Hooded Horsemen,"Taylor, Ray",52
Tex Rides with the Boy Scouts,"Taylor, Ray",17
Shadows of the West,"Taylor, Ray",40
Instant Karma,"Taylor, Roderick",47
Time Lock,"Thomas, Gerald",5
Appointment in Honduras,"Tourneur, Jacques",7
Danton,"Wajda, Andrzej",5
"Alamo, The","Wayne, John",29
"La Chevre, (The Goat)","Veber, Francis",24
Les Comperes,"Veber, Francis",54
Dead Poets Society,"Weir, Peter",8
"Othello, The Lost Masterpiece","Welles, Orson",23
"Battleground, The","Wellman, William",7
Kings of the Road (In the Course of Time),"Wenders, Wim",41
Hiroshima,"Werner, Peter",17
"Return of Martin Guerre, The","Vigne, Daniel",51
Somebody up There Likes Me,"Wise, Robert",56
Jack Benny Show,,51
Mutiny on the Bounty,,35
"Death Valley Days, Deadly Decision",,9
Monty Python's Flying Circus,,4
"Monty Python's Flying Circus, Vol 1.",,24
"Monty Python's Flying Circus, Vol 2.",,79
"Monty Python's Flying Circus, Vol 3.",,63
Valkenvania,,82
"Secret Policeman's Other Ball, The",,86
"Taming of the Shrew, The",,2
From Russia with Love,,6
"Offence, The",,6
Hollywood Mavericks,,22
Live at Harrah's,,6
"Persuaders, The Overture, The",,40
Nineteen Hundred,,82
"Van, The",,5
My Country Right or Wrong,,21
"Clint Eastwood Collection, The",,11
"Complete Dirty Harry, Magnum Force, The",,53
"Dead Pool, The",,26
"Good, the Bad & the Ugly, The",,68
"Rawhide, Premiere Episode",,54
Tightrope,,55
Hearts of Fire,,25
How the West Was Won,,45
"Mummy's Hand, The",,54
Great White Death,,26
"Mosquito Coast, The",,54
Today We Kill....Tomorrow We Die,,25
Tormenta Sobre Arizona,,81
Back to the Future II,,65
"Maverick, Duel at Sundown",,26
Shakespeare Series,,23
Deadly Trackers,,54
"American Film Institute, Alfred Hitchcock",,70
A Married Man,,79
Othello,,84
"Only Way Home, The",,60
Tales of Tomorrow,,0
Inherit the Wind,,18
This Is Horror,,3
Conversation Piece,,1
"Crimson Pirate, The",,60
"Devil's Disciple, The",,65
"Hallelujah Trail, The",,6
"Train, The",,68
Jay Leno: The American Dream,,67
Primal Rage,,3
"Industrial Symphony, The Dream of the Broken-Hearted",,49
Howie Mandel's North American Watusi Tour,,65
"Branford Marsalis, Steep",,52
L. A. Story,,81
Steve Martin Live!,,3
"Steve Martin, The Funnier Side of Eastern Canada",,34
"Runaway Barge, The",,38
Romulus & the Sabines,,76
"Saint, The",,29
Strange Brew,,24
Another Forty-Eight Hours,,54
"Best of Eddie Murphy, Saturday Night Live, The",,56
What about Bob?,,6
"Mummy's Revenge, The",,56
Harper,,86
"Left Handed Gun, The",,26
Once upon a Wheel,,40
"Prize, The",,66
"Secret War of Harry Frigg, The",,28
"Two Jakes, The",,3
Exile in Concert,,12
Joe Piscopo New Jersey Special,,14
"Joe Piscopo Video, The",,44
"Death Valley Days, No Gun Behind His Badge",,1
Salsa: The Motion Picture,,26
Hollywood's Greatest War Movies,,41
Out for Justice,,2
"Case of the Mukkinese Battle Horn, The",,45
"Goon Show Movie, The",,80
"Great McGonagall, The",,72
I'm All Right Jack,,23
"Magic Christian, The",,75
Never Let Go,,5
"Pink Panther, The",,77
Two-Way Stretch,,7
"Face at the Window, The",,79
Tom Thumb,,30
Beartooth,,70
James Taylor in Concert,,38
Gangbusters,,31
El Rublo de las Dos Caras,,83
"Law & Jake Wade, The",,68
Chuka,,47
Cry of the Innocent,,13
Edison the Man,,19
Keeper of the Flame,,76
"Spencer Tracy Legacy, The",,44
"Cheyenne, The Iron Trail",,1
"Dawn Rider, The",,44
"Duke, The Films of John Wayne",,70
Frontier Horizon,,73
Hell Town,,23
Hurricane Express,,7
"Hurricane Express, The",,68
In Harm's Way,,66
"John Wayne Collection, Red River, The",,49
John Wayne Collector's Limited Edition,,3
John Wayne Four Pack,,58
"John Wayne Matinee Double Feature, No. 2",,3
"John Wayne Matinee Double Feature, No. 3",,24
"John Wayne Matinee Double Feature, No. 4",,28
John Wayne Six Pack,,87
"John Wayne Western Greats, Rio Bravo",,22
King of the Pecos,,78
Lawless Frontier,,8
"Lawless Frontier, The",,35
"Lawless Nineties, The",,3
Lucky Texan,,48
McQ,,5
Neath Arizona Skies,,73
Neath the Arizona Skies,,28
Randy Rides Alone,,75
Range Feud,,77
Red River,,16
Riders of Destiny,,30
Sagebrush Trail,,23
"Shadow of the Eagle, The",,19
Blood & Guns,,43
Hot Money,,19
Comedy Tonight,,18
Robin Williams,,4
